Series,i,j,V,E,Rep,Weight_Bin,Time_Bin_MS,DecKeyTime_Bin_MS,Ops_Bin,Calls_Bin,Weight_Fib,Time_Fib_MS,DecKeyTime_Fib_MS,Ops_Fib,Calls_Fib
SerieC,18,18,262144,262144,1,131104.161934,1180.865216,323.604027,1771002,262144,131104.161934,871.472294,201.374820,364918,262144
SerieC,18,18,262144,262144,2,130884.213186,1071.618034,292.980090,1771750,262144,130884.213186,842.669267,189.341777,361179,262144
SerieC,18,18,262144,262144,3,131319.922357,1056.923229,273.477359,1762526,262144,131319.922357,841.479547,186.634604,357854,262144
SerieC,18,18,262144,262144,4,131184.489521,964.336999,254.226645,1764168,262144,131184.489521,524.083953,130.688118,356763,262144
SerieC,18,18,262144,262144,5,130868.253802,805.440592,227.592509,1756222,262144,130868.253802,513.659493,126.326102,353598,262144
SerieC,18,18,262144,262144,6,130965.347221,759.516930,205.161483,1757353,262144,130965.347221,890.990884,197.280274,355403,262144
SerieC,18,18,262144,262144,7,130846.839096,1043.016010,270.062252,1757621,262144,130846.839096,838.147622,183.411098,355432,262144
SerieC,18,18,262144,262144,8,130995.778159,1075.735306,284.878150,1761791,262144,130995.778159,849.005517,188.580468,356207,262144
SerieC,18,18,262144,262144,9,130976.214092,1065.935553,309.580969,1761460,262144,130976.214092,855.045356,184.383494,356805,262144
SerieC,18,18,262144,262144,10,131065.728638,1074.138694,292.412967,1755810,262144,131065.728638,877.433182,192.574420,355028,262144
SerieC,18,19,262144,524288,1,74922.478019,1468.826475,479.432561,1608920,426710,74922.478019,1272.075402,309.428280,436952,426710
SerieC,18,19,262144,524288,2,74949.876578,1335.385901,404.138928,1607391,426718,74949.876578,2003.149369,547.443600,436964,426718
SerieC,18,19,262144,524288,3,75143.067465,1627.586726,523.567401,1609357,426259,75143.067465,1446.564265,375.088440,437429,426259
SerieC,18,19,262144,524288,4,75065.547037,2162.330485,653.645975,1609537,426303,75065.547037,2053.245470,507.265444,437180,426303
SerieC,18,19,262144,524288,5,75049.374768,2461.022648,816.087980,1608939,426603,75049.374768,2094.139660,584.817101,437283,426603
SerieC,18,19,262144,524288,6,74954.773549,2467.665067,777.903074,1603976,426267,74954.773549,2127.266212,543.533738,435257,426267
SerieC,18,19,262144,524288,7,74795.117569,1464.840235,464.468946,1605622,426129,74795.117569,1292.931735,339.603153,436859,426129
SerieC,18,19,262144,524288,8,75056.818150,2115.201653,674.934079,1614510,426766,75056.818150,1453.138547,370.654127,438448,426766
SerieC,18,19,262144,524288,9,74802.343144,1629.420031,501.681120,1607166,426064,74802.343144,1623.798704,401.460804,436847,426064
SerieC,18,19,262144,524288,10,74999.502499,1453.518893,457.508335,1601415,425901,74999.502499,1290.755411,314.871569,435393,425901
SerieC,18,20,262144,1048576,1,39098.807522,2336.874406,837.146099,1691170,603855,39098.807522,2121.728996,686.195399,542159,603855
SerieC,18,20,262144,1048576,2,39128.863460,2055.221027,770.217950,1696797,603888,39128.863460,1561.561641,459.730719,543356,603888
SerieC,18,20,262144,1048576,3,39232.007398,1767.950899,644.122326,1697053,604042,39232.007398,1617.631851,490.840019,544462,604042
SerieC,18,20,262144,1048576,4,39223.065368,1729.848398,586.967101,1689120,603151,39223.065368,1700.952129,495.968515,541858,603151
SerieC,18,20,262144,1048576,5,39114.605220,1795.001369,625.494634,1692629,603615,39114.605220,1697.723428,520.723029,543362,603615
SerieC,18,20,262144,1048576,6,39118.927918,1756.145175,604.978165,1695583,604235,39118.927918,1639.618015,506.759051,543976,604235
SerieC,18,20,262144,1048576,7,39079.325702,1784.771302,636.115144,1696202,603990,39079.325702,1671.883150,512.156993,543599,603990
SerieC,18,20,262144,1048576,8,39233.089528,1702.855518,600.974101,1697435,604171,39233.089528,1564.186085,468.011274,544082,604171
SerieC,18,20,262144,1048576,9,39256.804756,1734.199185,611.976821,1692734,603614,39256.804756,1551.951921,477.267401,541768,603614
SerieC,18,20,262144,1048576,10,39135.611631,1688.478382,586.167324,1692952,603796,39135.611631,1505.672480,451.978392,543834,603796
SerieC,18,21,262144,2097152,1,19662.407397,1956.415466,746.761459,1785923,784583,19662.407397,1771.874822,627.688354,640223,784583
SerieC,18,21,262144,2097152,2,19726.748912,1773.705863,661.723036,1789587,784971,19726.748912,1986.780051,705.763854,642593,784971
SerieC,18,21,262144,2097152,3,19724.967486,2311.342986,922.193798,1794943,785620,19724.967486,1990.164522,698.765115,641486,785620
SerieC,18,21,262144,2097152,4,19729.456889,2143.596706,826.786193,1789157,785805,19729.456889,1823.074810,648.461388,640740,785805
SerieC,18,21,262144,2097152,5,19703.195578,2083.613025,851.156330,1783941,783908,19703.195578,1661.949318,609.732251,639329,783908
SerieC,18,21,262144,2097152,6,19724.371808,2147.469453,886.153110,1791873,784698,19724.371808,1825.045748,644.653956,641716,784698
SerieC,18,21,262144,2097152,7,19699.849078,2344.581555,943.772516,1792276,785029,19699.849078,1924.827396,693.054932,642374,785029
SerieC,18,21,262144,2097152,8,19735.126869,1925.447250,747.037218,1789782,785840,19735.126869,1930.526778,687.433809,642400,785840
SerieC,18,21,262144,2097152,9,19728.611926,1935.928492,771.292097,1794678,786258,19728.611926,1412.804648,512.594103,642946,786258
SerieC,18,21,262144,2097152,10,19709.406201,1342.727277,518.142281,1790816,784888,19709.406201,1305.992239,458.005842,641542,784888
SerieC,18,22,262144,4194304,1,9878.030142,1529.824278,603.146649,1883968,966994,9878.030142,1473.837759,539.399507,733646,966994
SerieC,18,22,262144,4194304,2,9888.001406,2259.274832,894.662515,1885409,968427,9888.001406,2136.211811,791.300726,735954,968427
SerieC,18,22,262144,4194304,3,9920.088440,2241.254173,905.351089,1882275,967233,9920.088440,2159.843328,814.416261,732656,967233
SerieC,18,22,262144,4194304,4,9868.751444,2211.892028,875.245167,1887513,968545,9868.751444,2095.104850,781.145299,737384,968545
SerieC,18,22,262144,4194304,5,9865.382587,2422.758549,1002.452325,1885726,967983,9865.382587,2145.918167,805.563163,736131,967983
SerieC,18,22,262144,4194304,6,9864.539577,2153.715917,856.041633,1884541,966392,9864.539577,2088.449661,776.061492,736687,966392
SerieC,18,22,262144,4194304,7,9888.230412,2317.467428,935.833983,1887914,967101,9888.230412,1939.389316,762.973783,737064,967101
SerieC,18,22,262144,4194304,8,9870.453942,1563.996188,605.538677,1885720,966842,9870.453942,2205.553690,837.287802,735354,966842
SerieC,18,22,262144,4194304,9,9898.913950,2334.409255,925.618685,1877163,966652,9898.913950,2144.023252,797.415445,732480,966652
SerieC,18,22,262144,4194304,10,9867.210047,2301.021451,935.847427,1884733,967368,9867.210047,2068.480349,765.525431,735875,967368
